Workbook

Sheet Read me
A1: ThreadTrack — Order Risk Workbook
A3: WHAT THIS IS
A4: A working tool for merchandisers and planners. Enter a purchase order and the workbook instantly estimates two risks — the chance it is delivered late, and the chance it is returned — each with the reasons behind it and a recommended action.
A6: HOW TO USE IT
A7: 1. Open the 'Order book' sheet.
A8: 2. Fill one row per order. The shaded columns (Delay score onward) fill in by themselves — do not type in them.
A9: 3. Most fields are drop-downs: click the cell and pick a value.
A10: 4. Read the 'Recommended action' column for what to do about a risky order.
A11: 5. The 'Summary' sheet rolls the whole order book up automatically.
A13: WHAT THE COLOURS MEAN
A14: Green = Low risk (score 0-35). Amber = Medium risk (36-65). Red = High risk (66-100).
A16: HOW THE SCORES ARE CALCULATED
... A19: Five example orders are pre-filled in the Order book so the tool is not empty on opening. Overwrite them with your own orders, or delete those rows.

Sheet Order book
A1: PO ID | B1: Vendor cluster | C1: New vendor? | D1: Vendor reliability | E1: Fabric | F1: Order qty | G1: Destination tier | H1: Payment mode | I1: Season | J1: Delay score | K1: Return score | L1: Delay risk | M1: Return risk | N1: Key risk drivers | O1: Recommended action
A2: PO-EX01 | B2: Bengaluru | C2: No | D2: 0.85 or above | E2: knit | F2: 180 | G2: Tier-1 | H2: Prepaid | I2: normal | J2: =IF($B2="","",MIN(100,10+IF($C2="Yes",22,0)+IF($B2="Tirupur",14,0)+IF($B2="Bengaluru",4,0)+IF($D2="Below 0.85",12,0)+IF($E2="woven",12,0)+IF($F2>350,8,0)+IF($G2="Tier-3",10,0)+IF($G2="Tier-2",5,0)+IF($H2="COD",2,0)+IF($I2="festive",12,0)+IF($I2="monsoon",8,0)+IF(AND($I2="monsoon",$E2="woven"),10,0)+IF(AND($C2="Yes",$B2="Tirupur"),10,0))) | K2: =IF($B2="","",MIN(100,15+IF($C2="Yes",10,0)+IF($B2="Tirupur",3,0)+IF($D2="Below 0.85",6,0)+IF($E2="woven",5,0)+IF($G2="Tier-3",14,0)+IF($G2="Tier-2",7,0)+IF($H2="COD",22,0)+IF($I2="festive",10,0)+IF($I2="monsoon",3,0)+IF(AND($I2="monsoon",$E2="woven"),3,0)+IF(AND($I2="festive",$H2="COD"),14,0)+IF(AND($C2="Yes",$B2="Tirupur"),2,0)+IF($J2>=60,15,IF($J2>=40,8,0)))) | L2: =IF($J2="","",IF($J2<=35,"Low",IF($J2<=65,"Medium","High"))) | M2: =IF($K2="","",IF($K2<=35,"Low",IF($K2<=65,"Medium","High"))) | N2: =IF($B2="","",IF(_xlfn.TEXTJOIN(", ",TRUE,IF($C2="Yes","New vendor",""),IF($B2="Tirupur","Tirupur cluster",""),IF($B2="Bengaluru","Bengaluru cluster",""),IF($D2="Below 0.85","Low vendor reliability",""),IF($E2="woven","Woven fabric",""),IF($F2>350,"Large order (350+)",""),IF($G2="Tier-3","Tier-3 destination",""),IF($G2="Tier-2","Tier-2 destination",""),IF($H2="COD","COD payment",""),IF($I2="festive","Festive season",""),IF($I2="monsoon","Monsoon season",""))="","Baseline risk only",_xlfn.TEXTJOIN(", ",TRUE,IF($C2="Yes","New vendor",""),IF($B2="Tirupur","Tirupur cluster",""),IF($B2="Bengaluru","Bengaluru cluster",""),IF($D2="Below 0.85","Low vendor reliability",""),IF($E2="woven","Woven fabric",""),IF($F2>350,"Large order (350+)",""),IF($G2="Tier-3","Tier-3 destination",""),IF($G2="Tier-2","Tier-2 destination",""),IF($H2="COD","COD payment",""),IF($I2="festive","Festive season",""),IF($I2="monsoon","Monsoon season","")))) | O2: =IF($B2="","",IF(AND($L2="High",$M2="High"),"Escalate — high delay AND return risk: alternate vendor, add buffer, check sizing and payment",IF($L2="High","High delay risk — add a lead-time buffer or use a faster cluster",IF($M2="High","High return risk — tighten sizing guidance; consider a prepaid incentive",IF(OR($L2="Medium",$M2="Medium"),"Moderate risk — keep this order on the watch list","Low risk — no action needed")))))
A3: PO-EX02 | B3: Tirupur | C3: No | D3: 0.85 or above | E3: knit | F3: 220 | G3: Tier-2 | H3: COD | I3: normal | J3: =IF($B3="","",MIN(100,10+IF($C3="Yes",22,0)+IF($B3="Tirupur",14,0)+IF($B3="Bengaluru",4,0)+IF($D3="Below 0.85",12,0)+IF($E3="woven",12,0)+IF($F3>350,8,0)+IF($G3="Tier-3",10,0)+IF($G3="Tier-2",5,0)+IF($H3="COD",2,0)+IF($I3="festive",12,0)+IF($I3="monsoon",8,0)+IF(AND($I3="monsoon",$E3="woven"),10,0)+IF(AND($C3="Yes",$B3="Tirupur"),10,0))) | K3: =IF($B3="","",MIN(100,15+IF($C3="Yes",10,0)+IF($B3="Tirupur",3,0)+IF($D3="Below 0.85",6,0)+IF($E3="woven",5,0)+IF($G3="Tier-3",14,0)+IF($G3="Tier-2",7,0)+IF($H3="COD",22,0)+IF($I3="festive",10,0)+IF($I3="monsoon",3,0)+IF(AND($I3="monsoon",$E3="woven"),3,0)+IF(AND($I3="festive",$H3="COD"),14,0)+IF(AND($C3="Yes",$B3="Tirupur"),2,0)+IF($J3>=60,15,IF($J3>=40,8,0)))) | L3: =IF($J3="","",IF($J3<=35,"Low",IF($J3<=65,"Medium","High"))) | M3: =IF($K3="","",IF($K3<=35,"Low",IF($K3<=65,"Medium","High"))) | N3: =IF($B3="","",IF(_xlfn.TEXTJOIN(", ",TRUE,IF($C3="Yes","New vendor",""),IF($B3="Tirupur","Tirupur cluster",""),IF($B3="Bengaluru","Bengaluru cluster",""),IF($D3="Below 0.85","Low vendor reliability",""),IF($E3="woven","Woven fabric",""),IF($F3>350,"Large order (350+)",""),IF($G3="Tier-3","Tier-3 destination",""),IF($G3="Tier-2","Tier-2 destination",""),IF($H3="COD","COD payment",""),IF($I3="festive","Festive season",""),IF($I3="monsoon","Monsoon season",""))="","Baseline risk only",_xlfn.TEXTJOIN(", ",TRUE,IF($C3="Yes","New vendor",""),IF($B3="Tirupur","Tirupur cluster",""),IF($B3="Bengaluru","Bengaluru cluster",""),IF($D3="Below 0.85","Low vendor reliability",""),IF($E3="woven","Woven fabric",""),IF($F3>350,"Large order (350+)",""),IF($G3="Tier-3","Tier-3 destination",""),IF($G3="Tier-2","Tier-2 destination",""),IF($H3="COD","COD payment",""),IF($I3="festive","Festive season",""),IF($I3="monsoon","Monsoon season","")))) | O3: =IF($B3="","",IF(AND($L3="High",$M3="High"),"Escalate — high delay AND return risk: alternate vendor, add buffer, check sizing and payment",IF($L3="High","High delay risk — add a lead-time buffer or use a faster cluster",IF($M3="High","High return risk — tighten sizing guidance; consider a prepaid incentive",IF(OR($L3="Medium",$M3="Medium"),"Moderate risk — keep this order on the watch list","Low risk — no action needed")))))
A4: PO-EX03 | B4: Delhi NCR | C4: No | D4: Below 0.85 | E4: woven | F4: 300 | G4: Tier-2 | H4: COD | I4: normal | J4: =IF($B4="","",MIN(100,10+IF($C4="Yes",22,0)+IF($B4="Tirupur",14,0)+IF($B4="Bengaluru",4,0)+IF($D4="Below 0.85",12,0)+IF($E4="woven",12,0)+IF($F4>350,8,0)+IF($G4="Tier-3",10,0)+IF($G4="Tier-2",5,0)+IF($H4="COD",2,0)+IF($I4="festive",12,0)+IF($I4="monsoon",8,0)+IF(AND($I4="monsoon",$E4="woven"),10,0)+IF(AND($C4="Yes",$B4="Tirupur"),10,0))) | K4: =IF($B4="","",MIN(100,15+IF($C4="Yes",10,0)+IF($B4="Tirupur",3,0)+IF($D4="Below 0.85",6,0)+IF($E4="woven",5,0)+IF($G4="Tier-3",14,0)+IF($G4="Tier-2",7,0)+IF($H4="COD",22,0)+IF($I4="festive",10,0)+IF($I4="monsoon",3,0)+IF(AND($I4="monsoon",$E4="woven"),3,0)+IF(AND($I4="festive",$H4="COD"),14,0)+IF(AND($C4="Yes",$B4="Tirupur"),2,0)+IF($J4>=60,15,IF($J4>=40,8,0)))) | L4: =IF($J4="","",IF($J4<=35,"Low",IF($J4<=65,"Medium","High"))) | M4: =IF($K4="","",IF($K4<=35,"Low",IF($K4<=65,"Medium","High"))) | N4: =IF($B4="","",IF(_xlfn.TEXTJOIN(", ",TRUE,IF($C4="Yes","New vendor",""),IF($B4="Tirupur","Tirupur cluster",""),IF($B4="Bengaluru","Bengaluru cluster",""),IF($D4="Below 0.85","Low vendor reliability",""),IF($E4="woven","Woven fabric",""),IF($F4>350,"Large order (350+)",""),IF($G4="Tier-3","Tier-3 destination",""),IF($G4="Tier-2","Tier-2 destination",""),IF($H4="COD","COD payment",""),IF($I4="festive","Festive season",""),IF($I4="monsoon","Monsoon season",""))="","Baseline risk only",_xlfn.TEXTJOIN(", ",TRUE,IF($C4="Yes","New vendor",""),IF($B4="Tirupur","Tirupur cluster",""),IF($B4="Bengaluru","Bengaluru cluster",""),IF($D4="Below 0.85","Low vendor reliability",""),IF($E4="woven","Woven fabric",""),IF($F4>350,"Large order (350+)",""),IF($G4="Tier-3","Tier-3 destination",""),IF($G4="Tier-2","Tier-2 destination",""),IF($H4="COD","COD payment",""),IF($I4="festive","Festive season",""),IF($I4="monsoon","Monsoon season","")))) | O4: =IF($B4="","",IF(AND($L4="High",$M4="High"),"Escalate — high delay AND return risk: alternate vendor, add buffer, check sizing and payment",IF($L4="High","High delay risk — add a lead-time buffer or use a faster cluster",IF($M4="High","High return risk — tighten sizing guidance; consider a prepaid incentive",IF(OR($L4="Medium",$M4="Medium"),"Moderate risk — keep this order on the watch list","Low risk — no action needed")))))
A5: PO-EX04 | B5: Tirupur | C5: Yes | D5: Below 0.85 | E5: knit | F5: 400 | G5: Tier-3 | H5: COD | I5: festive | J5: =IF($B5="","",MIN(100,10+IF($C5="Yes",22,0)+IF($B5="Tirupur",14,0)+IF($B5="Bengaluru",4,0)+IF($D5="Below 0.85",12,0)+IF($E5="woven",12,0)+IF($F5>350,8,0)+IF($G5="Tier-3",10,0)+IF($G5="Tier-2",5,0)+IF($H5="COD",2,0)+IF($I5="festive",12,0)+IF($I5="monsoon",8,0)+IF(AND($I5="monsoon",$E5="woven"),10,0)+IF(AND($C5="Yes",$B5="Tirupur"),10,0))) | K5: =IF($B5="","",MIN(100,15+IF($C5="Yes",10,0)+IF($B5="Tirupur",3,0)+IF($D5="Below 0.85",6,0)+IF($E5="woven",5,0)+IF($G5="Tier-3",14,0)+IF($G5="Tier-2",7,0)+IF($H5="COD",22,0)+IF($I5="festive",10,0)+IF($I5="monsoon",3,0)+IF(AND($I5="monsoon",$E5="woven"),3,0)+IF(AND($I5="festive",$H5="COD"),14,0)+IF(AND($C5="Yes",$B5="Tirupur"),2,0)+IF($J5>=60,15,IF($J5>=40,8,0)))) | L5: =IF($J5="","",IF($J5<=35,"Low",IF($J5<=65,"Medium","High"))) | M5: =IF($K5="","",IF($K5<=35,"Low",IF($K5<=65,"Medium","High"))) | N5: =IF($B5="","",IF(_xlfn.TEXTJOIN(", ",TRUE,IF($C5="Yes","New vendor",""),IF($B5="Tirupur","Tirupur cluster",""),IF($B5="Bengaluru","Bengaluru cluster",""),IF($D5="Below 0.85","Low vendor reliability",""),IF($E5="woven","Woven fabric",""),IF($F5>350,"Large order (350+)",""),IF($G5="Tier-3","Tier-3 destination",""),IF($G5="Tier-2","Tier-2 destination",""),IF($H5="COD","COD payment",""),IF($I5="festive","Festive season",""),IF($I5="monsoon","Monsoon season",""))="","Baseline risk only",_xlfn.TEXTJOIN(", ",TRUE,IF($C5="Yes","New vendor",""),IF($B5="Tirupur","Tirupur cluster",""),IF($B5="Bengaluru","Bengaluru cluster",""),IF($D5="Below 0.85","Low vendor reliability",""),IF($E5="woven","Woven fabric",""),IF($F5>350,"Large order (350+)",""),IF($G5="Tier-3","Tier-3 destination",""),IF($G5="Tier-2","Tier-2 destination",""),IF($H5="COD","COD payment",""),IF($I5="festive","Festive season",""),IF($I5="monsoon","Monsoon season","")))) | O5: =IF($B5="","",IF(AND($L5="High",$M5="High"),"Escalate — high delay AND return risk: alternate vendor, add buffer, check sizing and payment",IF($L5="High","High delay risk — add a lead-time buffer or use a faster cluster",IF($M5="High","High return risk — tighten sizing guidance; consider a prepaid incentive",IF(OR($L5="Medium",$M5="Medium"),"Moderate risk — keep this order on the watch list","Low risk — no action needed")))))
A6: PO-EX05 | B6: Ludhiana | C6: No | D6: Below 0.85 | E6: woven | F6: 380 | G6: Tier-3 | H6: COD | I6: monsoon | J6: =IF($B6="","",MIN(100,10+IF($C6="Yes",22,0)+IF($B6="Tirupur",14,0)+IF($B6="Bengaluru",4,0)+IF($D6="Below 0.85",12,0)+IF($E6="woven",12,0)+IF($F6>350,8,0)+IF($G6="Tier-3",10,0)+IF($G6="Tier-2",5,0)+IF($H6="COD",2,0)+IF($I6="festive",12,0)+IF($I6="monsoon",8,0)+IF(AND($I6="monsoon",$E6="woven"),10,0)+IF(AND($C6="Yes",$B6="Tirupur"),10,0))) | K6: =IF($B6="","",MIN(100,15+IF($C6="Yes",10,0)+IF($B6="Tirupur",3,0)+IF($D6="Below 0.85",6,0)+IF($E6="woven",5,0)+IF($G6="Tier-3",14,0)+IF($G6="Tier-2",7,0)+IF($H6="COD",22,0)+IF($I6="festive",10,0)+IF($I6="monsoon",3,0)+IF(AND($I6="monsoon",$E6="woven"),3,0)+IF(AND($I6="festive",$H6="COD"),14,0)+IF(AND($C6="Yes",$B6="Tirupur"),2,0)+IF($J6>=60,15,IF($J6>=40,8,0)))) | L6: =IF($J6="","",IF($J6<=35,"Low",IF($J6<=65,"Medium","High"))) | M6: =IF($K6="","",IF($K6<=35,"Low",IF($K6<=65,"Medium","High"))) | N6: =IF($B6="","",IF(_xlfn.TEXTJOIN(", ",TRUE,IF($C6="Yes","New vendor",""),IF($B6="Tirupur","Tirupur cluster",""),IF($B6="Bengaluru","Bengaluru cluster",""),IF($D6="Below 0.85","Low vendor reliability",""),IF($E6="woven","Woven fabric",""),IF($F6>350,"Large order (350+)",""),IF($G6="Tier-3","Tier-3 destination",""),IF($G6="Tier-2","Tier-2 destination",""),IF($H6="COD","COD payment",""),IF($I6="festive","Festive season",""),IF($I6="monsoon","Monsoon season",""))="","Baseline risk only",_xlfn.TEXTJOIN(", ",TRUE,IF($C6="Yes","New vendor",""),IF($B6="Tirupur","Tirupur cluster",""),IF($B6="Bengaluru","Bengaluru cluster",""),IF($D6="Below 0.85","Low vendor reliability",""),IF($E6="woven","Woven fabric",""),IF($F6>350,"Large order (350+)",""),IF($G6="Tier-3","Tier-3 destination",""),IF($G6="Tier-2","Tier-2 destination",""),IF($H6="COD","COD payment",""),IF($I6="festive","Festive season",""),IF($I6="monsoon","Monsoon season","")))) | O6: =IF($B6="","",IF(AND($L6="High",$M6="High"),"Escalate — high delay AND return risk: alternate vendor, add buffer, check sizing and payment",IF($L6="High","High delay risk — add a lead-time buffer or use a faster cluster",IF($M6="High","High return risk — tighten sizing guidance; consider a prepaid incentive",IF(OR($L6="Medium",$M6="Medium"),"Moderate risk — keep this order on the watch list","Low risk — no action needed")))))
J7: =IF($B7="","",MIN(100,10+IF($C7="Yes",22,0)+IF($B7="Tirupur",14,0)+IF($B7="Bengaluru",4,0)+IF($D7="Below 0.85",12,0)+IF($E7="woven",12,0)+IF($F7>350,8,0)+IF($G7="Tier-3",10,0)+IF($G7="Tier-2",5,0)+IF($H7="COD",2,0)+IF($I7="festive",12,0)+IF($I7="monsoon",8,0)+IF(AND($I7="monsoon",$E7="woven"),10,0)+IF(AND($C7="Yes",$B7="Tirupur"),10,0))) | K7: =IF($B7="","",MIN(100,15+IF($C7="Yes",10,0)+IF($B7="Tirupur",3,0)+IF($D7="Below 0.85",6,0)+IF($E7="woven",5,0)+IF($G7="Tier-3",14,0)+IF($G7="Tier-2",7,0)+IF($H7="COD",22,0)+IF($I7="festive",10,0)+IF($I7="monsoon",3,0)+IF(AND($I7="monsoon",$E7="woven"),3,0)+IF(AND($I7="festive",$H7="COD"),14,0)+IF(AND($C7="Yes",$B7="Tirupur"),2,0)+IF($J7>=60,15,IF($J7>=40,8,0)))) | L7: =IF($J7="","",IF($J7<=35,"Low",IF($J7<=65,"Medium","High"))) | M7: =IF($K7="","",IF($K7<=35,"Low",IF($K7<=65,"Medium","High"))) | N7: =IF($B7="","",IF(_xlfn.TEXTJOIN(", ",TRUE,IF($C7="Yes","New vendor",""),IF($B7="Tirupur","Tirupur cluster",""),IF($B7="Bengaluru","Bengaluru cluster",""),IF($D7="Below 0.85","Low vendor reliability",""),IF($E7="woven","Woven fabric",""),IF($F7>350,"Large order (350+)",""),IF($G7="Tier-3","Tier-3 destination",""),IF($G7="Tier-2","Tier-2 destination",""),IF($H7="COD","COD payment",""),IF($I7="festive","Festive season",""),IF($I7="monsoon","Monsoon season",""))="","Baseline risk only",_xlfn.TEXTJOIN(", ",TRUE,IF($C7="Yes","New vendor",""),IF($B7="Tirupur","Tirupur cluster",""),IF($B7="Bengaluru","Bengaluru cluster",""),IF($D7="Below 0.85","Low vendor reliability",""),IF($E7="woven","Woven fabric",""),IF($F7>350,"Large order (350+)",""),IF($G7="Tier-3","Tier-3 destination",""),IF($G7="Tier-2","Tier-2 destination",""),IF($H7="COD","COD payment",""),IF($I7="festive","Festive season",""),IF($I7="monsoon","Monsoon season","")))) | O7: =IF($B7="","",IF(AND($L7="High",$M7="High"),"Escalate — high delay AND return risk: alternate vendor, add buffer, check sizing and payment",IF($L7="High","High delay risk — add a lead-time buffer or use a faster cluster",IF($M7="High","High return risk — tighten sizing guidance; consider a prepaid incentive",IF(OR($L7="Medium",$M7="Medium"),"Moderate risk — keep this order on the watch list","Low risk — no action needed")))))
J8: =IF($B8="","",MIN(100,10+IF($C8="Yes",22,0)+IF($B8="Tirupur",14,0)+IF($B8="Bengaluru",4,0)+IF($D8="Below 0.85",12,0)+IF($E8="woven",12,0)+IF($F8>350,8,0)+IF($G8="Tier-3",10,0)+IF($G8="Tier-2",5,0)+IF($H8="COD",2,0)+IF($I8="festive",12,0)+IF($I8="monsoon",8,0)+IF(AND($I8="monsoon",$E8="woven"),10,0)+IF(AND($C8="Yes",$B8="Tirupur"),10,0))) | K8: =IF($B8="","",MIN(100,15+IF($C8="Yes",10,0)+IF($B8="Tirupur",3,0)+IF($D8="Below 0.85",6,0)+IF($E8="woven",5,0)+IF($G8="Tier-3",14,0)+IF($G8="Tier-2",7,0)+IF($H8="COD",22,0)+IF($I8="festive",10,0)+IF($I8="monsoon",3,0)+IF(AND($I8="monsoon",$E8="woven"),3,0)+IF(AND($I8="festive",$H8="COD"),14,0)+IF(AND($C8="Yes",$B8="Tirupur"),2,0)+IF($J8>=60,15,IF($J8>=40,8,0)))) | L8: =IF($J8="","",IF($J8<=35,"Low",IF($J8<=65,"Medium","High"))) | M8: =IF($K8="","",IF($K8<=35,"Low",IF($K8<=65,"Medium","High"))) | N8: =IF($B8="","",IF(_xlfn.TEXTJOIN(", ",TRUE,IF($C8="Yes","New vendor",""),IF($B8="Tirupur","Tirupur cluster",""),IF($B8="Bengaluru","Bengaluru cluster",""),IF($D8="Below 0.85","Low vendor reliability",""),IF($E8="woven","Woven fabric",""),IF($F8>350,"Large order (350+)",""),IF($G8="Tier-3","Tier-3 destination",""),IF($G8="Tier-2","Tier-2 destination",""),IF($H8="COD","COD payment",""),IF($I8="festive","Festive season",""),IF($I8="monsoon","Monsoon season",""))="","Baseline risk only",_xlfn.TEXTJOIN(", ",TRUE,IF($C8="Yes","New vendor",""),IF($B8="Tirupur","Tirupur cluster",""),IF($B8="Bengaluru","Bengaluru cluster",""),IF($D8="Below 0.85","Low vendor reliability",""),IF($E8="woven","Woven fabric",""),IF($F8>350,"Large order (350+)",""),IF($G8="Tier-3","Tier-3 destination",""),IF($G8="Tier-2","Tier-2 destination",""),IF($H8="COD","COD payment",""),IF($I8="festive","Festive season",""),IF($I8="monsoon","Monsoon season","")))) | O8: =IF($B8="","",IF(AND($L8="High",$M8="High"),"Escalate — high delay AND return risk: alternate vendor, add buffer, check sizing and payment",IF($L8="High","High delay risk — add a lead-time buffer or use a faster cluster",IF($M8="High","High return risk — tighten sizing guidance; consider a prepaid incentive",IF(OR($L8="Medium",$M8="Medium"),"Moderate risk — keep this order on the watch list","Low risk — no action needed")))))
J9: =IF($B9="","",MIN(100,10+IF($C9="Yes",22,0)+IF($B9="Tirupur",14,0)+IF($B9="Bengaluru",4,0)+IF($D9="Below 0.85",12,0)+IF($E9="woven",12,0)+IF($F9>350,8,0)+IF($G9="Tier-3",10,0)+IF($G9="Tier-2",5,0)+IF($H9="COD",2,0)+IF($I9="festive",12,0)+IF($I9="monsoon",8,0)+IF(AND($I9="monsoon",$E9="woven"),10,0)+IF(AND($C9="Yes",$B9="Tirupur"),10,0))) | K9: =IF($B9="","",MIN(100,15+IF($C9="Yes",10,0)+IF($B9="Tirupur",3,0)+IF($D9="Below 0.85",6,0)+IF($E9="woven",5,0)+IF($G9="Tier-3",14,0)+IF($G9="Tier-2",7,0)+IF($H9="COD",22,0)+IF($I9="festive",10,0)+IF($I9="monsoon",3,0)+IF(AND($I9="monsoon",$E9="woven"),3,0)+IF(AND($I9="festive",$H9="COD"),14,0)+IF(AND($C9="Yes",$B9="Tirupur"),2,0)+IF($J9>=60,15,IF($J9>=40,8,0)))) | L9: =IF($J9="","",IF($J9<=35,"Low",IF($J9<=65,"Medium","High"))) | M9: =IF($K9="","",IF($K9<=35,"Low",IF($K9<=65,"Medium","High"))) | N9: =IF($B9="","",IF(_xlfn.TEXTJOIN(", ",TRUE,IF($C9="Yes","New vendor",""),IF($B9="Tirupur","Tirupur cluster",""),IF($B9="Bengaluru","Bengaluru cluster",""),IF($D9="Below 0.85","Low vendor reliability",""),IF($E9="woven","Woven fabric",""),IF($F9>350,"Large order (350+)",""),IF($G9="Tier-3","Tier-3 destination",""),IF($G9="Tier-2","Tier-2 destination",""),IF($H9="COD","COD payment",""),IF($I9="festive","Festive season",""),IF($I9="monsoon","Monsoon season",""))="","Baseline risk only",_xlfn.TEXTJOIN(", ",TRUE,IF($C9="Yes","New vendor",""),IF($B9="Tirupur","Tirupur cluster",""),IF($B9="Bengaluru","Bengaluru cluster",""),IF($D9="Below 0.85","Low vendor reliability",""),IF($E9="woven","Woven fabric",""),IF($F9>350,"Large order (350+)",""),IF($G9="Tier-3","Tier-3 destination",""),IF($G9="Tier-2","Tier-2 destination",""),IF($H9="COD","COD payment",""),IF($I9="festive","Festive season",""),IF($I9="monsoon","Monsoon season","")))) | O9: =IF($B9="","",IF(AND($L9="High",$M9="High"),"Escalate — high delay AND return risk: alternate vendor, add buffer, check sizing and payment",IF($L9="High","High delay risk — add a lead-time buffer or use a faster cluster",IF($M9="High","High return risk — tighten sizing guidance; consider a prepaid incentive",IF(OR($L9="Medium",$M9="Medium"),"Moderate risk — keep this order on the watch list","Low risk — no action needed")))))
J10: =IF($B10="","",MIN(100,10+IF($C10="Yes",22,0)+IF($B10="Tirupur",14,0)+IF($B10="Bengaluru",4,0)+IF($D10="Below 0.85",12,0)+IF($E10="woven",12,0)+IF($F10>350,8,0)+IF($G10="Tier-3",10,0)+IF($G10="Tier-2",5,0)+IF($H10="COD",2,0)+IF($I10="festive",12,0)+IF($I10="monsoon",8,0)+IF(AND($I10="monsoon",$E10="woven"),10,0)+IF(AND($C10="Yes",$B10="Tirupur"),10,0))) | K10: =IF($B10="","",MIN(100,15+IF($C10="Yes",10,0)+IF($B10="Tirupur",3,0)+IF($D10="Below 0.85",6,0)+IF($E10="woven",5,0)+IF($G10="Tier-3",14,0)+IF($G10="Tier-2",7,0)+IF($H10="COD",22,0)+IF($I10="festive",10,0)+IF($I10="monsoon",3,0)+IF(AND($I10="monsoon",$E10="woven"),3,0)+IF(AND($I10="festive",$H10="COD"),14,0)+IF(AND($C10="Yes",$B10="Tirupur"),2,0)+IF($J10>=60,15,IF($J10>=40,8,0)))) | L10: =IF($J10="","",IF($J10<=35,"Low",IF($J10<=65,"Medium","High"))) | M10: =IF($K10="","",IF($K10<=35,"Low",IF($K10<=65,"Medium","High"))) | N10: =IF($B10="","",IF(_xlfn.TEXTJOIN(", ",TRUE,IF($C10="Yes","New vendor",""),IF($B10="Tirupur","Tirupur cluster",""),IF($B10="Bengaluru","Bengaluru cluster",""),IF($D10="Below 0.85","Low vendor reliability",""),IF($E10="woven","Woven fabric",""),IF($F10>350,"Large order (350+)",""),IF($G10="Tier-3","Tier-3 destination",""),IF($G10="Tier-2","Tier-2 destination",""),IF($H10="COD","COD payment",""),IF($I10="festive","Festive season",""),IF($I10="monsoon","Monsoon season",""))="","Baseline risk only",_xlfn.TEXTJOIN(", ",TRUE,IF($C10="Yes","New vendor",""),IF($B10="Tirupur","Tirupur cluster",""),IF($B10="Bengaluru","Bengaluru cluster",""),IF($D10="Below 0.85","Low vendor reliability",""),IF($E10="woven","Woven fabric",""),IF($F10>350,"Large order (350+)",""),IF($G10="Tier-3","Tier-3 destination",""),IF($G10="Tier-2","Tier-2 destination",""),IF($H10="COD","COD payment",""),IF($I10="festive","Festive season",""),IF($I10="monsoon","Monsoon season","")))) | O10: =IF($B10="","",IF(AND($L10="High",$M10="High"),"Escalate — high delay AND return risk: alternate vendor, add buffer, check sizing and payment",IF($L10="High","High delay risk — add a lead-time buffer or use a faster cluster",IF($M10="High","High return risk — tighten sizing guidance; consider a prepaid incentive",IF(OR($L10="Medium",$M10="Medium"),"Moderate risk — keep this order on the watch list","Low risk — no action needed")))))
J11: =IF($B11="","",MIN(100,10+IF($C11="Yes",22,0)+IF($B11="Tirupur",14,0)+IF($B11="Bengaluru",4,0)+IF($D11="Below 0.85",12,0)+IF($E11="woven",12,0)+IF($F11>350,8,0)+IF($G11="Tier-3",10,0)+IF($G11="Tier-2",5,0)+IF($H11="COD",2,0)+IF($I11="festive",12,0)+IF($I11="monsoon",8,0)+IF(AND($I11="monsoon",$E11="woven"),10,0)+IF(AND($C11="Yes",$B11="Tirupur"),10,0))) | K11: =IF($B11="","",MIN(100,15+IF($C11="Yes",10,0)+IF($B11="Tirupur",3,0)+IF($D11="Below 0.85",6,0)+IF($E11="woven",5,0)+IF($G11="Tier-3",14,0)+IF($G11="Tier-2",7,0)+IF($H11="COD",22,0)+IF($I11="festive",10,0)+IF($I11="monsoon",3,0)+IF(AND($I11="monsoon",$E11="woven"),3,0)+IF(AND($I11="festive",$H11="COD"),14,0)+IF(AND($C11="Yes",$B11="Tirupur"),2,0)+IF($J11>=60,15,IF($J11>=40,8,0)))) | L11: =IF($J11="","",IF($J11<=35,"Low",IF($J11<=65,"Medium","High"))) | M11: =IF($K11="","",IF($K11<=35,"Low",IF($K11<=65,"Medium","High"))) | N11: =IF($B11="","",IF(_xlfn.TEXTJOIN(", ",TRUE,IF($C11="Yes","New vendor",""),IF($B11="Tirupur","Tirupur cluster",""),IF($B11="Bengaluru","Bengaluru cluster",""),IF($D11="Below 0.85","Low vendor reliability",""),IF($E11="woven","Woven fabric",""),IF($F11>350,"Large order (350+)",""),IF($G11="Tier-3","Tier-3 destination",""),IF($G11="Tier-2","Tier-2 destination",""),IF($H11="COD","COD payment",""),IF($I11="festive","Festive season",""),IF($I11="monsoon","Monsoon season",""))="","Baseline risk only",_xlfn.TEXTJOIN(", ",TRUE,IF($C11="Yes","New vendor",""),IF($B11="Tirupur","Tirupur cluster",""),IF($B11="Bengaluru","Bengaluru cluster",""),IF($D11="Below 0.85","Low vendor reliability",""),IF($E11="woven","Woven fabric",""),IF($F11>350,"Large order (350+)",""),IF($G11="Tier-3","Tier-3 destination",""),IF($G11="Tier-2","Tier-2 destination",""),IF($H11="COD","COD payment",""),IF($I11="festive","Festive season",""),IF($I11="monsoon","Monsoon season","")))) | O11: =IF($B11="","",IF(AND($L11="High",$M11="High"),"Escalate — high delay AND return risk: alternate vendor, add buffer, check sizing and payment",IF($L11="High","High delay risk — add a lead-time buffer or use a faster cluster",IF($M11="High","High return risk — tighten sizing guidance; consider a prepaid incentive",IF(OR($L11="Medium",$M11="Medium"),"Moderate risk — keep this order on the watch list","Low risk — no action needed")))))
J12: =IF($B12="","",MIN(100,10+IF($C12="Yes",22,0)+IF($B12="Tirupur",14,0)+IF($B12="Bengaluru",4,0)+IF($D12="Below 0.85",12,0)+IF($E12="woven",12,0)+IF($F12>350,8,0)+IF($G12="Tier-3",10,0)+IF($G12="Tier-2",5,0)+IF($H12="COD",2,0)+IF($I12="festive",12,0)+IF($I12="monsoon",8,0)+IF(AND($I12="monsoon",$E12="woven"),10,0)+IF(AND($C12="Yes",$B12="Tirupur"),10,0))) | K12: =IF($B12="","",MIN(100,15+IF($C12="Yes",10,0)+IF($B12="Tirupur",3,0)+IF($D12="Below 0.85",6,0)+IF($E12="woven",5,0)+IF($G12="Tier-3",14,0)+IF($G12="Tier-2",7,0)+IF($H12="COD",22,0)+IF($I12="festive",10,0)+IF($I12="monsoon",3,0)+IF(AND($I12="monsoon",$E12="woven"),3,0)+IF(AND($I12="festive",$H12="COD"),14,0)+IF(AND($C12="Yes",$B12="Tirupur"),2,0)+IF($J12>=60,15,IF($J12>=40,8,0)))) | L12: =IF($J12="","",IF($J12<=35,"Low",IF($J12<=65,"Medium","High"))) | M12: =IF($K12="","",IF($K12<=35,"Low",IF($K12<=65,"Medium","High"))) | N12: =IF($B12="","",IF(_xlfn.TEXTJOIN(", ",TRUE,IF($C12="Yes","New vendor",""),IF($B12="Tirupur","Tirupur cluster",""),IF($B12="Bengaluru","Bengaluru cluster",""),IF($D12="Below 0.85","Low vendor reliability",""),IF($E12="woven","Woven fabric",""),IF($F12>350,"Large order (350+)",""),IF($G12="Tier-3","Tier-3 destination",""),IF($G12="Tier-2","Tier-2 destination",""),IF($H12="COD","COD payment",""),IF($I12="festive","Festive season",""),IF($I12="monsoon","Monsoon season",""))="","Baseline risk only",_xlfn.TEXTJOIN(", ",TRUE,IF($C12="Yes","New vendor",""),IF($B12="Tirupur","Tirupur cluster",""),IF($B12="Bengaluru","Bengaluru cluster",""),IF($D12="Below 0.85","Low vendor reliability",""),IF($E12="woven","Woven fabric",""),IF($F12>350,"Large order (350+)",""),IF($G12="Tier-3","Tier-3 destination",""),IF($G12="Tier-2","Tier-2 destination",""),IF($H12="COD","COD payment",""),IF($I12="festive","Festive season",""),IF($I12="monsoon","Monsoon season","")))) | O12: =IF($B12="","",IF(AND($L12="High",$M12="High"),"Escalate — high delay AND return risk: alternate vendor, add buffer, check sizing and payment",IF($L12="High","High delay risk — add a lead-time buffer or use a faster cluster",IF($M12="High","High return risk — tighten sizing guidance; consider a prepaid incentive",IF(OR($L12="Medium",$M12="Medium"),"Moderate risk — keep this order on the watch list","Low risk — no action needed")))))
J13: =IF($B13="","",MIN(100,10+IF($C13="Yes",22,0)+IF($B13="Tirupur",14,0)+IF($B13="Bengaluru",4,0)+IF($D13="Below 0.85",12,0)+IF($E13="woven",12,0)+IF($F13>350,8,0)+IF($G13="Tier-3",10,0)+IF($G13="Tier-2",5,0)+IF($H13="COD",2,0)+IF($I13="festive",12,0)+IF($I13="monsoon",8,0)+IF(AND($I13="monsoon",$E13="woven"),10,0)+IF(AND($C13="Yes",$B13="Tirupur"),10,0))) | K13: =IF($B13="","",MIN(100,15+IF($C13="Yes",10,0)+IF($B13="Tirupur",3,0)+IF($D13="Below 0.85",6,0)+IF($E13="woven",5,0)+IF($G13="Tier-3",14,0)+IF($G13="Tier-2",7,0)+IF($H13="COD",22,0)+IF($I13="festive",10,0)+IF($I13="monsoon",3,0)+IF(AND($I13="monsoon",$E13="woven"),3,0)+IF(AND($I13="festive",$H13="COD"),14,0)+IF(AND($C13="Yes",$B13="Tirupur"),2,0)+IF($J13>=60,15,IF($J13>=40,8,0)))) | L13: =IF($J13="","",IF($J13<=35,"Low",IF($J13<=65,"Medium","High"))) | M13: =IF($K13="","",IF($K13<=35,"Low",IF($K13<=65,"Medium","High"))) | N13: =IF($B13="","",IF(_xlfn.TEXTJOIN(", ",TRUE,IF($C13="Yes","New vendor",""),IF($B13="Tirupur","Tirupur cluster",""),IF($B13="Bengaluru","Bengaluru cluster",""),IF($D13="Below 0.85","Low vendor reliability",""),IF($E13="woven","Woven fabric",""),IF($F13>350,"Large order (350+)",""),IF($G13="Tier-3","Tier-3 destination",""),IF($G13="Tier-2","Tier-2 destination",""),IF($H13="COD","COD payment",""),IF($I13="festive","Festive season",""),IF($I13="monsoon","Monsoon season",""))="","Baseline risk only",_xlfn.TEXTJOIN(", ",TRUE,IF($C13="Yes","New vendor",""),IF($B13="Tirupur","Tirupur cluster",""),IF($B13="Bengaluru","Bengaluru cluster",""),IF($D13="Below 0.85","Low vendor reliability",""),IF($E13="woven","Woven fabric",""),IF($F13>350,"Large order (350+)",""),IF($G13="Tier-3","Tier-3 destination",""),IF($G13="Tier-2","Tier-2 destination",""),IF($H13="COD","COD payment",""),IF($I13="festive","Festive season",""),IF($I13="monsoon","Monsoon season","")))) | O13: =IF($B13="","",IF(AND($L13="High",$M13="High"),"Escalate — high delay AND return risk: alternate vendor, add buffer, check sizing and payment",IF($L13="High","High delay risk — add a lead-time buffer or use a faster cluster",IF($M13="High","High return risk — tighten sizing guidance; consider a prepaid incentive",IF(OR($L13="Medium",$M13="Medium"),"Moderate risk — keep this order on the watch list","Low risk — no action needed")))))
J14: =IF($B14="","",MIN(100,10+IF($C14="Yes",22,0)+IF($B14="Tirupur",14,0)+IF($B14="Bengaluru",4,0)+IF($D14="Below 0.85",12,0)+IF($E14="woven",12,0)+IF($F14>350,8,0)+IF($G14="Tier-3",10,0)+IF($G14="Tier-2",5,0)+IF($H14="COD",2,0)+IF($I14="festive",12,0)+IF($I14="monsoon",8,0)+IF(AND($I14="monsoon",$E14="woven"),10,0)+IF(AND($C14="Yes",$B14="Tirupur"),10,0))) | K14: =IF($B14="","",MIN(100,15+IF($C14="Yes",10,0)+IF($B14="Tirupur",3,0)+IF($D14="Below 0.85",6,0)+IF($E14="woven",5,0)+IF($G14="Tier-3",14,0)+IF($G14="Tier-2",7,0)+IF($H14="COD",22,0)+IF($I14="festive",10,0)+IF($I14="monsoon",3,0)+IF(AND($I14="monsoon",$E14="woven"),3,0)+IF(AND($I14="festive",$H14="COD"),14,0)+IF(AND($C14="Yes",$B14="Tirupur"),2,0)+IF($J14>=60,15,IF($J14>=40,8,0)))) | L14: =IF($J14="","",IF($J14<=35,"Low",IF($J14<=65,"Medium","High"))) | M14: =IF($K14="","",IF($K14<=35,"Low",IF($K14<=65,"Medium","High"))) | N14: =IF($B14="","",IF(_xlfn.TEXTJOIN(", ",TRUE,IF($C14="Yes","New vendor",""),IF($B14="Tirupur","Tirupur cluster",""),IF($B14="Bengaluru","Bengaluru cluster",""),IF($D14="Below 0.85","Low vendor reliability",""),IF($E14="woven","Woven fabric",""),IF($F14>350,"Large order (350+)",""),IF($G14="Tier-3","Tier-3 destination",""),IF($G14="Tier-2","Tier-2 destination",""),IF($H14="COD","COD payment",""),IF($I14="festive","Festive season",""),IF($I14="monsoon","Monsoon season",""))="","Baseline risk only",_xlfn.TEXTJOIN(", ",TRUE,IF($C14="Yes","New vendor",""),IF($B14="Tirupur","Tirupur cluster",""),IF($B14="Bengaluru","Bengaluru cluster",""),IF($D14="Below 0.85","Low vendor reliability",""),IF($E14="woven","Woven fabric",""),IF($F14>350,"Large order (350+)",""),IF($G14="Tier-3","Tier-3 destination",""),IF($G14="Tier-2","Tier-2 destination",""),IF($H14="COD","COD payment",""),IF($I14="festive","Festive season",""),IF($I14="monsoon","Monsoon season","")))) | O14: =IF($B14="","",IF(AND($L14="High",$M14="High"),"Escalate — high delay AND return risk: alternate vendor, add buffer, check sizing and payment",IF($L14="High","High delay risk — add a lead-time buffer or use a faster cluster",IF($M14="High","High return risk — tighten sizing guidance; consider a prepaid incentive",IF(OR($L14="Medium",$M14="Medium"),"Moderate risk — keep this order on the watch list","Low risk — no action needed")))))
J15: =IF($B15="","",MIN(100,10+IF($C15="Yes",22,0)+IF($B15="Tirupur",14,0)+IF($B15="Bengaluru",4,0)+IF($D15="Below 0.85",12,0)+IF($E15="woven",12,0)+IF($F15>350,8,0)+IF($G15="Tier-3",10,0)+IF($G15="Tier-2",5,0)+IF($H15="COD",2,0)+IF($I15="festive",12,0)+IF($I15="monsoon",8,0)+IF(AND($I15="monsoon",$E15="woven"),10,0)+IF(AND($C15="Yes",$B15="Tirupur"),10,0))) | K15: =IF($B15="","",MIN(100,15+IF($C15="Yes",10,0)+IF($B15="Tirupur",3,0)+IF($D15="Below 0.85",6,0)+IF($E15="woven",5,0)+IF($G15="Tier-3",14,0)+IF($G15="Tier-2",7,0)+IF($H15="COD",22,0)+IF($I15="festive",10,0)+IF($I15="monsoon",3,0)+IF(AND($I15="monsoon",$E15="woven"),3,0)+IF(AND($I15="festive",$H15="COD"),14,0)+IF(AND($C15="Yes",$B15="Tirupur"),2,0)+IF($J15>=60,15,IF($J15>=40,8,0)))) | L15: =IF($J15="","",IF($J15<=35,"Low",IF($J15<=65,"Medium","High"))) | M15: =IF($K15="","",IF($K15<=35,"Low",IF($K15<=65,"Medium","High"))) | N15: =IF($B15="","",IF(_xlfn.TEXTJOIN(", ",TRUE,IF($C15="Yes","New vendor",""),IF($B15="Tirupur","Tirupur cluster",""),IF($B15="Bengaluru","Bengaluru cluster",""),IF($D15="Below 0.85","Low vendor reliability",""),IF($E15="woven","Woven fabric",""),IF($F15>350,"Large order (350+)",""),IF($G15="Tier-3","Tier-3 destination",""),IF($G15="Tier-2","Tier-2 destination",""),IF($H15="COD","COD payment",""),IF($I15="festive","Festive season",""),IF($I15="monsoon","Monsoon season",""))="","Baseline risk only",_xlfn.TEXTJOIN(", ",TRUE,IF($C15="Yes","New vendor",""),IF($B15="Tirupur","Tirupur cluster",""),IF($B15="Bengaluru","Bengaluru cluster",""),IF($D15="Below 0.85","Low vendor reliability",""),IF($E15="woven","Woven fabric",""),IF($F15>350,"Large order (350+)",""),IF($G15="Tier-3","Tier-3 destination",""),IF($G15="Tier-2","Tier-2 destination",""),IF($H15="COD","COD payment",""),IF($I15="festive","Festive season",""),IF($I15="monsoon","Monsoon season","")))) | O15: =IF($B15="","",IF(AND($L15="High",$M15="High"),"Escalate — high delay AND return risk: alternate vendor, add buffer, check sizing and payment",IF($L15="High","High delay risk — add a lead-time buffer or use a faster cluster",IF($M15="High","High return risk — tighten sizing guidance; consider a prepaid incentive",IF(OR($L15="Medium",$M15="Medium"),"Moderate risk — keep this order on the watch list","Low risk — no action needed")))))
J16: =IF($B16="","",MIN(100,10+IF($C16="Yes",22,0)+IF($B16="Tirupur",14,0)+IF($B16="Bengaluru",4,0)+IF($D16="Below 0.85",12,0)+IF($E16="woven",12,0)+IF($F16>350,8,0)+IF($G16="Tier-3",10,0)+IF($G16="Tier-2",5,0)+IF($H16="COD",2,0)+IF($I16="festive",12,0)+IF($I16="monsoon",8,0)+IF(AND($I16="monsoon",$E16="woven"),10,0)+IF(AND($C16="Yes",$B16="Tirupur"),10,0))) | K16: =IF($B16="","",MIN(100,15+IF($C16="Yes",10,0)+IF($B16="Tirupur",3,0)+IF($D16="Below 0.85",6,0)+IF($E16="woven",5,0)+IF($G16="Tier-3",14,0)+IF($G16="Tier-2",7,0)+IF($H16="COD",22,0)+IF($I16="festive",10,0)+IF($I16="monsoon",3,0)+IF(AND($I16="monsoon",$E16="woven"),3,0)+IF(AND($I16="festive",$H16="COD"),14,0)+IF(AND($C16="Yes",$B16="Tirupur"),2,0)+IF($J16>=60,15,IF($J16>=40,8,0)))) | L16: =IF($J16="","",IF($J16<=35,"Low",IF($J16<=65,"Medium","High"))) | M16: =IF($K16="","",IF($K16<=35,"Low",IF($K16<=65,"Medium","High"))) | N16: =IF($B16="","",IF(_xlfn.TEXTJOIN(", ",TRUE,IF($C16="Yes","New vendor",""),IF($B16="Tirupur","Tirupur cluster",""),IF($B16="Bengaluru","Bengaluru cluster",""),IF($D16="Below 0.85","Low vendor reliability",""),IF($E16="woven","Woven fabric",""),IF($F16>350,"Large order (350+)",""),IF($G16="Tier-3","Tier-3 destination",""),IF($G16="Tier-2","Tier-2 destination",""),IF($H16="COD","COD payment",""),IF($I16="festive","Festive season",""),IF($I16="monsoon","Monsoon season",""))="","Baseline risk only",_xlfn.TEXTJOIN(", ",TRUE,IF($C16="Yes","New vendor",""),IF($B16="Tirupur","Tirupur cluster",""),IF($B16="Bengaluru","Bengaluru cluster",""),IF($D16="Below 0.85","Low vendor reliability",""),IF($E16="woven","Woven fabric",""),IF($F16>350,"Large order (350+)",""),IF($G16="Tier-3","Tier-3 destination",""),IF($G16="Tier-2","Tier-2 destination",""),IF($H16="COD","COD payment",""),IF($I16="festive","Festive season",""),IF($I16="monsoon","Monsoon season","")))) | O16: =IF($B16="","",IF(AND($L16="High",$M16="High"),"Escalate — high delay AND return risk: alternate vendor, add buffer, check sizing and payment",IF($L16="High","High delay risk — add a lead-time buffer or use a faster cluster",IF($M16="High","High return risk — tighten sizing guidance; consider a prepaid incentive",IF(OR($L16="Medium",$M16="Medium"),"Moderate risk — keep this order on the watch list","Low risk — no action needed")))))
J17: =IF($B17="","",MIN(100,10+IF($C17="Yes",22,0)+IF($B17="Tirupur",14,0)+IF($B17="Bengaluru",4,0)+IF($D17="Below 0.85",12,0)+IF($E17="woven",12,0)+IF($F17>350,8,0)+IF($G17="Tier-3",10,0)+IF($G17="Tier-2",5,0)+IF($H17="COD",2,0)+IF($I17="festive",12,0)+IF($I17="monsoon",8,0)+IF(AND($I17="monsoon",$E17="woven"),10,0)+IF(AND($C17="Yes",$B17="Tirupur"),10,0))) | K17: =IF($B17="","",MIN(100,15+IF($C17="Yes",10,0)+IF($B17="Tirupur",3,0)+IF($D17="Below 0.85",6,0)+IF($E17="woven",5,0)+IF($G17="Tier-3",14,0)+IF($G17="Tier-2",7,0)+IF($H17="COD",22,0)+IF($I17="festive",10,0)+IF($I17="monsoon",3,0)+IF(AND($I17="monsoon",$E17="woven"),3,0)+IF(AND($I17="festive",$H17="COD"),14,0)+IF(AND($C17="Yes",$B17="Tirupur"),2,0)+IF($J17>=60,15,IF($J17>=40,8,0)))) | L17: =IF($J17="","",IF($J17<=35,"Low",IF($J17<=65,"Medium","High"))) | M17: =IF($K17="","",IF($K17<=35,"Low",IF($K17<=65,"Medium","High"))) | N17: =IF($B17="","",IF(_xlfn.TEXTJOIN(", ",TRUE,IF($C17="Yes","New vendor",""),IF($B17="Tirupur","Tirupur cluster",""),IF($B17="Bengaluru","Bengaluru cluster",""),IF($D17="Below 0.85","Low vendor reliability",""),IF($E17="woven","Woven fabric",""),IF($F17>350,"Large order (350+)",""),IF($G17="Tier-3","Tier-3 destination",""),IF($G17="Tier-2","Tier-2 destination",""),IF($H17="COD","COD payment",""),IF($I17="festive","Festive season",""),IF($I17="monsoon","Monsoon season",""))="","Baseline risk only",_xlfn.TEXTJOIN(", ",TRUE,IF($C17="Yes","New vendor",""),IF($B17="Tirupur","Tirupur cluster",""),IF($B17="Bengaluru","Bengaluru cluster",""),IF($D17="Below 0.85","Low vendor reliability",""),IF($E17="woven","Woven fabric",""),IF($F17>350,"Large order (350+)",""),IF($G17="Tier-3","Tier-3 destination",""),IF($G17="Tier-2","Tier-2 destination",""),IF($H17="COD","COD payment",""),IF($I17="festive","Festive season",""),IF($I17="monsoon","Monsoon season","")))) | O17: =IF($B17="","",IF(AND($L17="High",$M17="High"),"Escalate — high delay AND return risk: alternate vendor, add buffer, check sizing and payment",IF($L17="High","High delay risk — add a lead-time buffer or use a faster cluster",IF($M17="High","High return risk — tighten sizing guidance; consider a prepaid incentive",IF(OR($L17="Medium",$M17="Medium"),"Moderate risk — keep this order on the watch list","Low risk — no action needed")))))
J18: =IF($B18="","",MIN(100,10+IF($C18="Yes",22,0)+IF($B18="Tirupur",14,0)+IF($B18="Bengaluru",4,0)+IF($D18="Below 0.85",12,0)+IF($E18="woven",12,0)+IF($F18>350,8,0)+IF($G18="Tier-3",10,0)+IF($G18="Tier-2",5,0)+IF($H18="COD",2,0)+IF($I18="festive",12,0)+IF($I18="monsoon",8,0)+IF(AND($I18="monsoon",$E18="woven"),10,0)+IF(AND($C18="Yes",$B18="Tirupur"),10,0))) | K18: =IF($B18="","",MIN(100,15+IF($C18="Yes",10,0)+IF($B18="Tirupur",3,0)+IF($D18="Below 0.85",6,0)+IF($E18="woven",5,0)+IF($G18="Tier-3",14,0)+IF($G18="Tier-2",7,0)+IF($H18="COD",22,0)+IF($I18="festive",10,0)+IF($I18="monsoon",3,0)+IF(AND($I18="monsoon",$E18="woven"),3,0)+IF(AND($I18="festive",$H18="COD"),14,0)+IF(AND($C18="Yes",$B18="Tirupur"),2,0)+IF($J18>=60,15,IF($J18>=40,8,0)))) | L18: =IF($J18="","",IF($J18<=35,"Low",IF($J18<=65,"Medium","High"))) | M18: =IF($K18="","",IF($K18<=35,"Low",IF($K18<=65,"Medium","High"))) | N18: =IF($B18="","",IF(_xlfn.TEXTJOIN(", ",TRUE,IF($C18="Yes","New vendor",""),IF($B18="Tirupur","Tirupur cluster",""),IF($B18="Bengaluru","Bengaluru cluster",""),IF($D18="Below 0.85","Low vendor reliability",""),IF($E18="woven","Woven fabric",""),IF($F18>350,"Large order (350+)",""),IF($G18="Tier-3","Tier-3 destination",""),IF($G18="Tier-2","Tier-2 destination",""),IF($H18="COD","COD payment",""),IF($I18="festive","Festive season",""),IF($I18="monsoon","Monsoon season",""))="","Baseline risk only",_xlfn.TEXTJOIN(", ",TRUE,IF($C18="Yes","New vendor",""),IF($B18="Tirupur","Tirupur cluster",""),IF($B18="Bengaluru","Bengaluru cluster",""),IF($D18="Below 0.85","Low vendor reliability",""),IF($E18="woven","Woven fabric",""),IF($F18>350,"Large order (350+)",""),IF($G18="Tier-3","Tier-3 destination",""),IF($G18="Tier-2","Tier-2 destination",""),IF($H18="COD","COD payment",""),IF($I18="festive","Festive season",""),IF($I18="monsoon","Monsoon season","")))) | O18: =IF($B18="","",IF(AND($L18="High",$M18="High"),"Escalate — high delay AND return risk: alternate vendor, add buffer, check sizing and payment",IF($L18="High","High delay risk — add a lead-time buffer or use a faster cluster",IF($M18="High","High return risk — tighten sizing guidance; consider a prepaid incentive",IF(OR($L18="Medium",$M18="Medium"),"Moderate risk — keep this order on the watch list","Low risk — no action needed")))))
... J151: =IF($B151="","",MIN(100,10+IF($C151="Yes",22,0)+IF($B151="Tirupur",14,0)+IF($B151="Bengaluru",4,0)+IF($D151="Below 0.85",12,0)+IF($E151="woven",12,0)+IF($F151>350,8,0)+IF($G151="Tier-3",10,0)+IF($G151="Tier-2",5,0)+IF($H151="COD",2,0)+IF($I151="festive",12,0)+IF($I151="monsoon",8,0)+IF(AND($I151="monsoon",$E151="woven"),10,0)+IF(AND($C151="Yes",$B151="Tirupur"),10,0))) | K151: =IF($B151="","",MIN(100,15+IF($C151="Yes",10,0)+IF($B151="Tirupur",3,0)+IF($D151="Below 0.85",6,0)+IF($E151="woven",5,0)+IF($G151="Tier-3",14,0)+IF($G151="Tier-2",7,0)+IF($H151="COD",22,0)+IF($I151="festive",10,0)+IF($I151="monsoon",3,0)+IF(AND($I151="monsoon",$E151="woven"),3,0)+IF(AND($I151="festive",$H151="COD"),14,0)+IF(AND($C151="Yes",$B151="Tirupur"),2,0)+IF($J151>=60,15,IF($J151>=40,8,0)))) | L151: =IF($J151="","",IF($J151<=35,"Low",IF($J151<=65,"Medium","High"))) | M151: =IF($K151="","",IF($K151<=35,"Low",IF($K151<=65,"Medium","High"))) | N151: =IF($B151="","",IF(_xlfn.TEXTJOIN(", ",TRUE,IF($C151="Yes","New vendor",""),IF($B151="Tirupur","Tirupur cluster",""),IF($B151="Bengaluru","Bengaluru cluster",""),IF($D151="Below 0.85","Low vendor reliability",""),IF($E151="woven","Woven fabric",""),IF($F151>350,"Large order (350+)",""),IF($G151="Tier-3","Tier-3 destination",""),IF($G151="Tier-2","Tier-2 destination",""),IF($H151="COD","COD payment",""),IF($I151="festive","Festive season",""),IF($I151="monsoon","Monsoon season",""))="","Baseline risk only",_xlfn.TEXTJOIN(", ",TRUE,IF($C151="Yes","New vendor",""),IF($B151="Tirupur","Tirupur cluster",""),IF($B151="Bengaluru","Bengaluru cluster",""),IF($D151="Below 0.85","Low vendor reliability",""),IF($E151="woven","Woven fabric",""),IF($F151>350,"Large order (350+)",""),IF($G151="Tier-3","Tier-3 destination",""),IF($G151="Tier-2","Tier-2 destination",""),IF($H151="COD","COD payment",""),IF($I151="festive","Festive season",""),IF($I151="monsoon","Monsoon season","")))) | O151: =IF($B151="","",IF(AND($L151="High",$M151="High"),"Escalate — high delay AND return risk: alternate vendor, add buffer, check sizing and payment",IF($L151="High","High delay risk — add a lead-time buffer or use a faster cluster",IF($M151="High","High return risk — tighten sizing guidance; consider a prepaid incentive",IF(OR($L151="Medium",$M151="Medium"),"Moderate risk — keep this order on the watch list","Low risk — no action needed")))))

Sheet Summary
A1: Order book — live summary
A3: Overview
A4: Orders entered | B4: =COUNTA('Order book'!B2:B151)
A5: Average delay score | B5: =IFERROR(ROUND(AVERAGE('Order book'!J2:J151),1),"-")
A6: Average return score | B6: =IFERROR(ROUND(AVERAGE('Order book'!K2:K151),1),"-")
A7: High-risk orders (delay or return) | B7: =SUMPRODUCT(--((('Order book'!L2:L151="High")+('Order book'!M2:M151="High"))>0))
A9: Delay risk breakdown
A10: Low | B10: =COUNTIF('Order book'!L2:L151,"Low")
A11: Medium | B11: =COUNTIF('Order book'!L2:L151,"Medium")
A12: High | B12: =COUNTIF('Order book'!L2:L151,"High")
A14: Return risk breakdown
A15: Low | B15: =COUNTIF('Order book'!M2:M151,"Low")
A16: Medium | B16: =COUNTIF('Order book'!M2:M151,"Medium")
A17: High | B17: =COUNTIF('Order book'!M2:M151,"High")
A19: Average delay score by cluster
A20: Tirupur | B20: =IFERROR(ROUND(AVERAGEIF('Order book'!B2:B151,"Tirupur",'Order book'!J2:J151),1),"-")
A21: Bengaluru | B21: =IFERROR(ROUND(AVERAGEIF('Order book'!B2:B151,"Bengaluru",'Order book'!J2:J151),1),"-")
A22: Ludhiana | B22: =IFERROR(ROUND(AVERAGEIF('Order book'!B2:B151,"Ludhiana",'Order book'!J2:J151),1),"-")
A23: Delhi NCR | B23: =IFERROR(ROUND(AVERAGEIF('Order book'!B2:B151,"Delhi NCR",'Order book'!J2:J151),1),"-")
A25: Average return score by season
A26: normal | B26: =IFERROR(ROUND(AVERAGEIF('Order book'!I2:I151,"normal",'Order book'!K2:K151),1),"-")
A27: festive | B27: =IFERROR(ROUND(AVERAGEIF('Order book'!I2:I151,"festive",'Order book'!K2:K151),1),"-")
A28: monsoon | B28: =IFERROR(ROUND(AVERAGEIF('Order book'!I2:I151,"monsoon",'Order book'!K2:K151),1),"-")

Sheet Rubric
A1: The 15-factor scoring rubric
A2: Every order starts at the baseline and gains points for each risk factor that applies. Both scores are capped at 100. This is the exact logic the Order book uses.
A4: Risk factor | B4: Delay points | C4: Return points
A5: Baseline — every order starts here | B5: 10 | C5: 15
A6: New vendor | B6: +22 | C6: +10
A7: Vendor cluster: Tirupur | B7: +14 | C7: +3
A8: Vendor cluster: Bengaluru | B8: +4 | C8: 0
A9: Vendor reliability below 0.85 | B9: +12 | C9: +6
A10: Fabric: woven | B10: +12 | C10: +5
A11: Order quantity above 350 | B11: +8 | C11: 0
A12: Destination: Tier-3 | B12: +10 | C12: +14
A13: Destination: Tier-2 | B13: +5 | C13: +7
A14: Payment: COD | B14: +2 | C14: +22
A15: Season: festive | B15: +12 | C15: +10
... A21: Predicted delay 40-59 raises return risk | B21: - | C21: +8
